{"eH9LrOB5Sy6lc6TjciZrwQ==":"photo-of-people-holding-glasses-3182824-982x655.jpg","32AqoSoOJ75ta9YHhy4ScQ==":"women-and-men-standing-near-table-3205568-982x1470.jpg","djztfobg98MwBwRTTQ1c4A==":"photo-of-men-talking-to-each-other-3285197-982x1473.jpg","qJQvvxp4cRDaM7N/FKnHOw==":"photo-of-men-talking-to-each-other-3285197-982x1473.jpeg","4zZHC4SBCe4OXgGF21lK2g==":"photo-of-men-talking-to-each-other-3285198-982x1473.jpeg","VG2ZJg4WkCn0yDFB2XdLHA==":"photo-of-men-talking-to-each-other-3285199-982x1473.jpeg","zDLiMlonwAYXqUV6p8a9IQ==":"photo-of-men-talking-to-each-other-3285200-982x1473.jpeg","8tXb66lIo7OFiAbMN65G2Q==":"photo-of-people-holding-glasses-3182824-982x655.jpeg","Z5DqIiunEharI1GMk9zyIg==":"man-and-woman-smiling-inside-building-1367269-982x655.jpg","XpOlMlJNz/hD16VzfNIRvw==":"man-and-woman-smiling-inside-building-1367269-982x655.jpeg","eV6aPjrYYk0icEOuR6F6AQ==":"sasaaasasasasmonitor-845451-1920x1280.png","7uzNh3E0W4aSZkQQeaqobg==":"darga%20altay%20ydk-192x192.png","JDsYepcBKueYW1XoZKysTw==":"darga%20altay%20ydk-122x122.png","SsrfaoZ9G8d36uDqUTup2w==":"background6.jpeg"}